B1,D1101 - N1701 - N1901 - T1301 - T1401 - N1801 - N1601 - D1201,Downer/CRRC Changchun Railway Vehicles (China),Auburn
B2,D1102 - N1702 - N1902 - T1302 - T1402 - N1802 - N1602 - D1202,Downer/CRRC Changchun Railway Vehicles (China),Auburn,First B Set to enter service.
B3,D1103 - N1703 - N1903 - T1303 - T1403 - N1803 - N1603 - D1203,Downer/CRRC Changchun Railway Vehicles (China),Auburn
B4,D1104 - N1704 - N1904 - T1304 - T1404 - N1804 - N1604 - D1204,Downer/CRRC Changchun Railway Vehicles (China),Auburn
B5,D1105 - N1705 - N1905 - T1305 - T1405 - N1805 - N1605 - D1205,Downer/CRRC Changchun Railway Vehicles (China),Auburn
B6,D1106 - N1706 - N1906 - T1306 - T1406 - N1806 - N1606 - D1206,Downer/CRRC Changchun Railway Vehicles (China),Auburn
B7,D1107 - N1707 - N1907 - T1307 - T1407 - N1807 - N1607 - D1207,Downer/CRRC Changchun Railway Vehicles (China),Auburn
B8,D1108 - N1708 - N1908 - T1308 - T1408 - N1808 - N1608 - D1208,Downer/CRRC Changchun Railway Vehicles (China),Auburn
B9,D1109 - N1709 - N1909 - T1309 - T1409 - N1809 - N1609 - D1209,Downer/CRRC Changchun Railway Vehicles (China),Auburn
B10,D1110 - N1710 - N1910 - T1310 - T1410 - N1810 - N1610 - D1210,Downer/CRRC Changchun Railway Vehicles (China),Auburn
B11,D1111 - N1711 - N1911 - T1311 - T1411 - N1811 - N1611 - D1211,Downer/CRRC Changchun Railway Vehicles (China),Auburn
B12,D1112 - N1712 - N1912 - T1312 - T1412 - N1812 - N1612 - D1212,Downer/CRRC Changchun Railway Vehicles (China),Auburn,N1907 temporarily replaced N1912 for unknown reasons in 2024. N1912 returned to B12 in February 2025
B13,D1113 - N1713 - N1913 - T1313 - T1413 - N1813 - N1613 - D1213,Downer/CRRC Changchun Railway Vehicles (China),Auburn
B14,D1114 - N1714 - N1914 - T1314 - T1414 - N1814 - N1614 - D1214,Downer/CRRC Changchun Railway Vehicles (China),Auburn
B15,D1115 - N1715 - N1915 - T1315 - T1415 - N1815 - N1615 - D1215,Downer/CRRC Changchun Railway Vehicles (China),Auburn
B16,D1116 - N1716 - N1916 - T1316 - T1416 - N1816 - N1616 - D1216,Downer/CRRC Changchun Railway Vehicles (China),Auburn
B17,D1117 - N1717 - N1917 - T1317 - T1417 - N1817 - N1617 - D1217,Downer/CRRC Changchun Railway Vehicles (China),Auburn
B18,D1118 - N1718 - N1918 - T1318 - T1418 - N1818 - N1618 - D1218,Downer/CRRC Changchun Railway Vehicles (China),Auburn
B19,D1119 - N1719 - N1919 - T1319 - T1419 - N1819 - N1619 - D1219,Downer/CRRC Changchun Railway Vehicles (China),Auburn,Ran “Alec's Express” by Make-A-Wish Australia on the 22nd September 2019
B20,D1120 - N1720 - N1920 - T1320 - T1420 - N1820 - N1620 - D1220,Downer/CRRC Changchun Railway Vehicles (China),Auburn
B21,D1121 - N1721 - N1921 - T1321 - T1421 - N1821 - N1621 - D1221,Downer/CRRC Changchun Railway Vehicles (China),Auburn
B22,D1122 - N1722 - N1922 - T1322 - T1422 - N1822 - N1622 - D1222,Downer/CRRC Changchun Railway Vehicles (China),Auburn
B23,D1123 - N1723 - N1923 - T1323 - T1423 - N1823 - N1623 - D1223,Downer/CRRC Changchun Railway Vehicles (China),Auburn
B24,D1124 - N1724 - N1924 - T1324 - T1424 - N1824 - N1624 - D1224,Downer/CRRC Changchun Railway Vehicles (China),Auburn,Ran with F1 and S28 + S56 in the “Three Generations Run” on 21 July 2019.
B25,D1125 - N1725 - N1925 - T1325 - T1425 - N1825 - N1625 - D1225,Downer/CRRC Changchun Railway Vehicles (China),Auburn,First of the second batch of Waratah Series 2 sets.
B26,D1126 - N1726 - N1926 - T1326 - T1426 - N1826 - N1626 - D1226,Downer/CRRC Changchun Railway Vehicles (China),Auburn
B27,D1127 - N1727 - N1927 - T1327 - T1427 - N1827 - N1627 - D1227,Downer/CRRC Changchun Railway Vehicles (China),Auburn
B28,D1128 - N1728 - N1928 - T1328 - T1428 - N1828 - N1628 - D1228,Downer/CRRC Changchun Railway Vehicles (China),Auburn
B29,D1129 - N1729 - N1929 - T1329 - T1429 - N1829 - N1629 - D1229,Downer/CRRC Changchun Railway Vehicles (China),Auburn
B30,D1130 - N1730 - N1930 - T1330 - T1430 - N1830 - N1630 - D1230,Downer/CRRC Changchun Railway Vehicles (China),Auburn
B31,D1131 - N1731 - N1931 - T1331 - T1431 - N1831 - N1631 - D1231,Downer/CRRC Changchun Railway Vehicles (China),Auburn
B32,D1132 - N1732 - N1932 - T1332 - T1432 - N1832 - N1632 - D1232,Downer/CRRC Changchun Railway Vehicles (China),Auburn
B33,D1133 - N1733 - N1933 - T1333 - T1433 - N1833 - N1633 - D1233,Downer/CRRC Changchun Railway Vehicles (China),Auburn
B34,D1134 - N1734 - N1934 - T1334 - T1434 - N1834 - N1634 - D1234,Downer/CRRC Changchun Railway Vehicles (China),Auburn
B35,D1135 - N1735 - N1935 - T1335 - T1435 - N1835 - N1635 - D1235,Downer/CRRC Changchun Railway Vehicles (China),Auburn
B36,D1136 - N1736 - N1936 - T1336 - T1436 - N1836 - N1636 - D1236,Downer/CRRC Changchun Railway Vehicles (China),Auburn
B37,D1137 - N1737 - N1937 - T1337 - T1437 - N1837 - N1637 - D1237,Downer/CRRC Changchun Railway Vehicles (China),Auburn
B38,D1138 - N1738 - N1938 - T1338 - T1438 - N1838 - N1638 - D1238,Downer/CRRC Changchun Railway Vehicles (China),Auburn
B39,D1139 - N1739 - N1939 - T1339 - T1439 - N1839 - N1639 - D1239,Downer/CRRC Changchun Railway Vehicles (China),Auburn
B40,D1140 - N1740 - N1940 - T1340 - T1440 - N1840 - N1640 - D1240,Downer/CRRC Changchun Railway Vehicles (China),Auburn
B41,D1141 - N1741 - N1941 - T1341 - T1441 - N1841 - N1641 - D1241,Downer/CRRC Changchun Railway Vehicles (China),Auburn
A1,D6301 - N5301 - N5501 - T6501 - T6601 - N5601 - N5401 - D6401,Downer EDI/CNR Changchun Railway Vehicles (China),Auburn
A3,D6303 - N5303 - N5503 - T6503 - T6603 - N5603 - N5403 - D6403,Downer EDI/CNR Changchun Railway Vehicles (China),Auburn,First A Set to enter service
A4,D6304 - N5304 - N5504 - T6504 - T6604 - N5604 - N5404 - D6404,Downer EDI/CNR Changchun Railway Vehicles (China),Auburn
A5,D6305 - N5305 - N5505 - T6505 - T6605 - N5605 - N5405 - D6405,Downer EDI/CNR Changchun Railway Vehicles (China),Auburn
A6,D6306 - N5306 - N5506 - T6506 - T6606 - N5606 - N5406 - D6406,Downer EDI/CNR Changchun Railway Vehicles (China),Auburn
A7,D6307 - N5307 - N5507 - T6507 - T6607 - N5607 - N5407 - D6407,Downer EDI/CNR Changchun Railway Vehicles (China),Auburn
A8,D6308 - N5308 - N5508 - T6508 - T6608 - N5608 - N5408 - D6408,Downer EDI/CNR Changchun Railway Vehicles (China),Auburn,Set involved in explosion of traction inverter at Burwood in March 2017
A9,D6309 - N5309 - N5509 - T6509 - T6609 - N5609 - N5409 - D6409,Downer EDI/CNR Changchun Railway Vehicles (China),Auburn
A10,D6310 - N5310 - N5510 - T6510 - T6610 - N5610 - N5410 - D6410,Downer EDI/CNR Changchun Railway Vehicles (China),Auburn
A11,D6311 - N5311 - N5511 - T6511 - T6611 - N5611 - N5411 - D6411,Downer EDI/CNR Changchun Railway Vehicles (China),Auburn
A12,D6312 - N5312 - N5512 - T6512 - T6612 - N5612 - N5412 - D6412,Downer EDI/CNR Changchun Railway Vehicles (China),Auburn,Set involved in 2025 Clarendon derailment
A13,D6813 - N5313 - N5513 - T6513 - T6613 - N5613 - N5413 - D6413,Downer EDI/CNR Changchun Railway Vehicles (China),Auburn,"First A Set to use Sydney Trains ""hop"" logo"
A14,D6314 - N5314 - N5514 - T6514 - T6614 - N5614 - N5414 - D6414,Downer EDI/CNR Changchun Railway Vehicles (China),Auburn
A15,D6315 - N5315 - N5515 - T6515 - T6615 - N5615 - N5415 - D6342,Downer EDI/CNR Changchun Railway Vehicles (China),Auburn,D6342 replacing D6415 due to January 2024 level crossing colission with a trailer at Vineyard.
A16,D6316 - N5316 - N5516 - T6516 - T6616 - N5616 - N5416 - D6416,Downer EDI/CNR Changchun Railway Vehicles (China),Auburn
A17,D6317 - N5317 - N5517 - T6517 - T6617 - N5617 - N5417 - D6417,Downer EDI/CNR Changchun Railway Vehicles (China),Auburn
A18,D6318 - N5318 - N5518 - T6518 - T6618 - N5618 - N5418 - D6418,Downer EDI/CNR Changchun Railway Vehicles (China),Auburn
A19,D6319 - N5319 - N5519 - T6519 - T6619 - N5619 - N5419 - D6419,Downer EDI/CNR Changchun Railway Vehicles (China),Auburn,Set involved in 2015 incident where it was driven in the wrong direction at Mt Druitt
A20,D6320 - N5320 - N5520 - T6520 - T6620 - N5620 - N5420 - D6420,Downer EDI/CNR Changchun Railway Vehicles (China),Auburn
A21,D6321 - N5321 - N5521 - T6521 - T6621 - N5621 - N5421 - D6421,Downer EDI/CNR Changchun Railway Vehicles (China),Auburn
A22,D6322 - N5322 - N5522 - T6522 - T6622 - N5622 - N5422 - D6422,Downer EDI/CNR Changchun Railway Vehicles (China),Auburn,Set involved in 2014 Mulgrave derailment
A23,D6323 - N5323 - N5523 - T6523 - T6623 - N5623 - N5423 - D6423,Downer EDI/CNR Changchun Railway Vehicles (China),Auburn
A24,D6324 - N5324 - N5524 - T6524 - T6624 - N5624 - N5424 - D6424,Downer EDI/CNR Changchun Railway Vehicles (China),Auburn
A25,D6325 - N5325 - N5525 - T6525 - T6625 - N5625 - N5425 - D6425,Downer EDI/CNR Changchun Railway Vehicles (China),Auburn
A26,D6326 - N5326 - N5526 - T6526 - T6626 - N5626 - N5426 - D6426,Downer EDI/CNR Changchun Railway Vehicles (China),Auburn
A27,D6327 - N5327 - N5527 - T6527 - T6627 - N5627 - N5427 - D6427,Downer EDI/CNR Changchun Railway Vehicles (China),Auburn
A28,D6328 - N5328 - N5528 - T6528 - T6628 - N5628 - N5428 - D6428,Downer EDI/CNR Changchun Railway Vehicles (China),Auburn
A29,D6329 - N5329 - N5529 - T6529 - T6629 - N5629 - N5429 - D6429,Downer EDI/CNR Changchun Railway Vehicles (China),Auburn,Set involved in 2014 Bardwell Park flooding incident
A30,D6330 - N5330 - N5530 - T6530 - T6630 - N5630 - N5430 - D6430,Downer EDI/CNR Changchun Railway Vehicles (China),Auburn
A31,D6331 - N5331 - N5531 - T6531 - T6631 - N5631 - N5431 - D6431,Downer EDI/CNR Changchun Railway Vehicles (China),Auburn
A32,D6332 - N5332 - N5532 - T6532 - T6632 - N5632 - N5432 - D6432,Downer EDI/CNR Changchun Railway Vehicles (China),Auburn
A33,D6333 - N5333 - N5533 - T6533 - T6633 - N5633 - N5433 - D6433,Downer EDI/CNR Changchun Railway Vehicles (China),Auburn
A34,D6334 - N5334 - N5534 - T6534 - T6634 - N5634 - N5434 - D6434,Downer EDI/CNR Changchun Railway Vehicles (China),Auburn
A35,D6335 - N5335 - N5535 - T6535 - T6635 - N5635 - N5435 - D6435,Downer EDI/CNR Changchun Railway Vehicles (China),Auburn
A36,D6336 - N5336 - N5536 - T6536 - T6636 - N5636 - N5436 - D6436,Downer EDI/CNR Changchun Railway Vehicles (China),Auburn
A37,D6337 - N5337 - N5537 - T6537 - T6637 - N5637 - N5437 - D6437,Downer EDI/CNR Changchun Railway Vehicles (China),Auburn
A38,D6338 - N5338 - N5538 - T6538 - T6638 - N5638 - N5438 - D6438,Downer EDI/CNR Changchun Railway Vehicles (China),Auburn
A39,D6339 - N5339 - N5539 - T6539 - T6639 - N5639 - N5439 - D6439,Downer EDI/CNR Changchun Railway Vehicles (China),Auburn
A40,D6340 - N5340 - N5540 - T6540 - T6640 - N5640 - N5440 - D6440,Downer EDI/CNR Changchun Railway Vehicles (China),Auburn
A41,D6341 - N5341 - N5541 - T6541 - T6641 - N5641 - N5441 - D6441,Downer EDI/CNR Changchun Railway Vehicles (China),Auburn
A42,D6379 - N5342 - N5542 - T6542 - T6642 - N5642 - N5442 - D6442,Downer EDI/CNR Changchun Railway Vehicles (China),Auburn,D6379 replaced D6342 following January 2018 crash at Richmond
A43,D6343 - N5343 - N5543 - T6543 - T6643 - N5643 - N5443 - D6443,Downer EDI/CNR Changchun Railway Vehicles (China),Auburn
A44,D6344 - N5344 - N5544 - T6544 - T6644 - N5644 - N5444 - D6444,Downer EDI/CNR Changchun Railway Vehicles (China),Auburn
A45,D6345 - N5345 - N5545 - T6545 - T6645 - N5645 - N5445 - D6445,Downer EDI/CNR Changchun Railway Vehicles (China),Auburn
A46,D6346 - N5346 - N5546 - T6546 - T6646 - N5646 - N5446 - D6446,Downer EDI/CNR Changchun Railway Vehicles (China),Auburn
A47,D6347 - N5347 - N5547 - T6547 - T6647 - N5647 - N5447 - D6447,Downer EDI/CNR Changchun Railway Vehicles (China),Auburn
A48,D6348 - N5348 - N5548 - T6548 - T6648 - N5648 - N5448 - D6448,Downer EDI/CNR Changchun Railway Vehicles (China),Auburn
A49,D6349 - N5349 - N5549 - T6549 - T6649 - N5649 - N5449 - D6449,Downer EDI/CNR Changchun Railway Vehicles (China),Auburn
A50,D6350 - N5350 - N5550 - T6550 - T6650 - N5650 - N5450 - D6450,Downer EDI/CNR Changchun Railway Vehicles (China),Auburn
A51,D6351 - N5351 - N5551 - T6551 - T6651 - N5651 - N5451 - D6451,Downer EDI/CNR Changchun Railway Vehicles (China),Auburn
A52,D6352 - N5352 - N5552 - T6552 - T6652 - N5652 - N5452 - D6452,Downer EDI/CNR Changchun Railway Vehicles (China),Auburn
A53,D6353 - N5353 - N5553 - T6553 - T6653 - N5653 - N5453 - D6453,Downer EDI/CNR Changchun Railway Vehicles (China),Auburn
A54,D6354 - N5354 - N5554 - T6554 - T6654 - N5654 - N5454 - D6454,Downer EDI/CNR Changchun Railway Vehicles (China),Auburn
A55,D6355 - N5355 - N5555 - T6555 - T6655 - N5655 - N5455 - D6455,Downer EDI/CNR Changchun Railway Vehicles (China),Auburn
A56,D6356 - N5356 - N5556 - T6556 - T6656 - N5656 - N5456 - D6456,Downer EDI/CNR Changchun Railway Vehicles (China),Auburn
A57,D6357 - N5357 - N5557 - T6557 - T6657 - N5657 - N5457 - D6457,Downer EDI/CNR Changchun Railway Vehicles (China),Auburn
A58,D6358 - N5358 - N5558 - T6558 - T6658 - N5658 - N5458 - D6458,Downer EDI/CNR Changchun Railway Vehicles (China),Auburn
A59,D6359 - N5359 - N5559 - T6559 - T6659 - N5659 - N5459 - D6459,Downer EDI/CNR Changchun Railway Vehicles (China),Auburn
A60,D6360 - N5360 - N5560 - T6560 - T6660 - N5660 - N5460 - D6460,Downer EDI/CNR Changchun Railway Vehicles (China),Auburn
A61,D6361 - N5361 - N5561 - T6561 - T6661 - N5661 - N5461 - D6461,Downer EDI/CNR Changchun Railway Vehicles (China),Auburn
A62,D6362 - N5362 - N5562 - T6562 - T6662 - N5662 - N5462 - D6462,Downer EDI/CNR Changchun Railway Vehicles (China),Auburn
A63,D6363 - N5363 - N5563 - T6563 - T6663 - N5663 - N5463 - D6463,Downer EDI/CNR Changchun Railway Vehicles (China),Auburn
A64,D6364 - N5364 - N5564 - T6564 - T6664 - N5664 - N5464 - D6464,Downer EDI/CNR Changchun Railway Vehicles (China),Auburn
A65,D6365 - N5365 - N5565 - T6565 - T6665 - N5665 - N5465 - D6465,Downer EDI/CNR Changchun Railway Vehicles (China),Auburn
A66,D6366 - N5366 - N5566 - T6566 - T6666 - N5666 - N5466 - D6466,Downer EDI/CNR Changchun Railway Vehicles (China),Auburn
A67,D6367 - N5367 - N5567 - T6567 - T6667 - N5667 - N5467 - D6467,Downer EDI/CNR Changchun Railway Vehicles (China),Auburn
A68,D6368 - N5368 - N5568 - T6568 - T6668 - N5668 - N5468 - D6468,Downer EDI/CNR Changchun Railway Vehicles (China),Auburn
A69,D6369 - N5369 - N5569 - T6569 - T6669 - N5669 - N5469 - D6469,Downer EDI/CNR Changchun Railway Vehicles (China),Auburn
A70,D6370 - N5370 - N5570 - T6570 - T6670 - N5670 - N5470 - D6470,Downer EDI/CNR Changchun Railway Vehicles (China),Auburn
A71,D6371 - N5371 - N5571 - T6571 - T6671 - N5671 - N5471 - D6471,Downer EDI/CNR Changchun Railway Vehicles (China),Auburn
A72,D6372 - N5372 - N5572 - T6572 - T6672 - N5672 - N5472 - D6472,Downer EDI/CNR Changchun Railway Vehicles (China),Auburn
A73,D6373 - N5373 - N5573 - T6573 - T6673 - N5673 - N5473 - D6473,Downer EDI/CNR Changchun Railway Vehicles (China),Auburn
A74,D6374 - N5374 - N5574 - T6574 - T6674 - N5674 - N5474 - D6474,Downer EDI/CNR Changchun Railway Vehicles (China),Auburn
A75,D6375 - N5375 - N5575 - T6575 - T6675 - N5675 - N5475 - D6475,Downer EDI/CNR Changchun Railway Vehicles (China),Auburn
A76,D6376 - N5376 - N5576 - T6576 - T6676 - N5676 - N5476 - D6476,Downer EDI/CNR Changchun Railway Vehicles (China),Auburn
A77,D6377 - N5377 - N5577 - T6577 - T6677 - N5677 - N5477 - D6477,Downer EDI/CNR Changchun Railway Vehicles (China),Auburn
A78,D6378 - N5378 - N5578 - T6578 - T6678 - N5678 - N5478 - D6478,Downer EDI/CNR Changchun Railway Vehicles (China),Auburn
A80,D6380 - N5380 - N5580 - T6580 - T6680 - N5680 - N5480 - D6480,Downer EDI/CNR Changchun Railway Vehicles (China),Auburn,"Built as replacement for A2, which was scrapped after being damaged by acid spill during transfer to China"
H1,OD6901 - ONL5951 - ON5901 - OD6902,UGL Rail,Eveleigh,Prototype OSCAR H Set
H2,OD6903 - ONL5952 - ON5902 - OD6904,UGL Rail,Eveleigh
H3,OD6905 - ONL5953 - ON5903 - OD6906,UGL Rail,Eveleigh,First H Set to enter service
H4,OD6907 - ONL5954 - ON5904 - OD6908,UGL Rail,Eveleigh,Former ATP testing vehicle.
H5,OD6909 - ONL5955 - ON5905 - OD6910,UGL Rail,Eveleigh,Former ATP testing vehicle.
H6,OD6911 - ONL5956 - ON5906 - OD6912,UGL Rail,Eveleigh
H7,OD6913 - ONL5957 - ON5907 - OD6914,UGL Rail,Eveleigh
H8,OD6915 - ONL5958 - ON5908 - OD6916,UGL Rail,Eveleigh
H9,OD6917 - ONL5959 - ON5909 - OD6918,UGL Rail,Eveleigh
H10,OD6919 - ONL5960 - ON5910 - OD6920,UGL Rail,Eveleigh
H11,OD6923 - ONL5961 - ON5911 - OD6924,UGL Rail,Eveleigh
H12,OD6925 - ONL5962 - ON5912 - OD6926,UGL Rail,Eveleigh
H13,OD6927 - ONL5963 - ON5913 - OD6928,UGL Rail,Eveleigh
H14,OD6929 - ONL5964 - ON5914 - OD6930,UGL Rail,Eveleigh
H15,OD6931 - ONL5965 - ON5915 - OD6932,UGL Rail,Eveleigh
H16,OD6933 - ONL5966 - ON5916 - OD6934,UGL Rail,Eveleigh
H17,OD6935 - ONL5967 - ON5917 - OD6936,UGL Rail,Eveleigh
H18,OD6937 - ONL5968 - ON5918 - OD6938,UGL Rail,Eveleigh
H19,OD6939 - ONL5969 - ON5919 - OD6940,UGL Rail,Eveleigh
H20,OD6941 - ONL5970 - ON5920 - OD6942,UGL Rail,Eveleigh
H21,OD6943 - ONL5971 - ON5921 - OD6944,UGL Rail,Eveleigh
H22,OD6945 - ONL5972 - ON5922 - OD6946,UGL Rail,Eveleigh,Second Set repainted into the 2025 Sydney Trains Livery
H23,OD6947 - ONL5973 - ON5923 - OD6948,UGL Rail,Eveleigh,First Set repainted into the 2025 Sydney Trains Livery
H24,OD6949 - ONL5974 - ON5924 - OD6950,UGL Rail,Eveleigh
H25,OD6951 - ONL5975 - ON5925 - OD6952,UGL Rail,Eveleigh
H26,OD6953 - ONL5976 - ON5926 - OD6954,UGL Rail,Eveleigh
H27,OD6955 - ONL5977 - ON5927 - OD6956,UGL Rail,Eveleigh
H28,OD6957 - ONL5978 - ON5928 - OD6958,UGL Rail,Eveleigh
H29,OD6959 - ONL5979 - ON5929 - OD6960,UGL Rail,Eveleigh
H30,OD6961 - ONL5980 - ON5930 - OD6962,UGL Rail,Eveleigh
H31,OD6963 - ONL5981 - ON5931 - OD6964,UGL Rail,Eveleigh
H32,OD6965 - ONL5982 - ON5932 - OD6966,UGL Rail,Eveleigh
H33,OD6967 - ONL5983 - ON5933 - OD6968,UGL Rail,Eveleigh
H34,OD6969 - ONL5984 - ON5934 - OD6970,UGL Rail,Eveleigh
H35,OD6971 - ONL5985 - ON5935 - OD6972,UGL Rail,Eveleigh
H36,OD6973 - ONL5986 - ON5936 - OD6974,UGL Rail,Eveleigh
H37,OD6975 - ONL5987 - ON5937 - OD6976,UGL Rail,Eveleigh
H38,OD6977 - ONL5988 - ON5938 - OD6978,UGL Rail,Eveleigh
H39,OD6979 - ONL5989 - ON5939 - OD6980,UGL Rail,Eveleigh
H40,OD6981 - ONL5990 - ON5940 - OD6982,UGL Rail,Eveleigh
H41,OD6983 - ONL5991 - ON5941 - OD6984,UGL Rail,Eveleigh
H42,OD6985 - ONL5992 - ON5942 - OD6986,UGL Rail,Eveleigh
H43,OD6987 - ONL5993 - ON5943 - OD6988,UGL Rail,Eveleigh
H44,OD6989 - ONL5994 - ON5944 - OD6990,UGL Rail,Eveleigh
H45,OD6991 - ONL5995 - ON5945 - OD6992,UGL Rail,Eveleigh
H46,OD6993 - ONL5996 - ON5946 - OD6994,UGL Rail,Eveleigh
H47,OD6995 - ONL5997 - ON5947 - OD6996,UGL Rail,Eveleigh
H48,OD6997 - ONL5998 - ON5948 - OD6998,UGL Rail,Eveleigh
H49,OD6921 - ONL5999 - ON5949 - OD6922,UGL Rail,Eveleigh
H50,OD6843 - ONL5871 - ON5821 - OD6844,UGL Rail,Eveleigh
H51,OD6845 - ONL5872 - ON5822 - OD6846,UGL Rail,Eveleigh,Set involved in collision with Toyota Hilux at Unanderra .
H52,OD6847 - ONL5873 - ON5823 - OD6848,UGL Rail,Eveleigh
H53,OD6849 - ONL5874 - ON5824 - OD6850,UGL Rail,Eveleigh
H54,OD6851 - ONL5875 - ON5825 - OD6852,UGL Rail,Eveleigh
H55,OD6853 - ONL5876 - ON5826 - OD6854,UGL Rail,Eveleigh,"OD6853 and ONL5876 with 2019 ""Koori Knockout"" Aboriginal-styled decals Final H-Set delivered"
M1,D1001 - N1501 - N1502 - D1002,EDI Rail,(formerly Eveleigh),Set has inside of doors coloured grey instead of white
M2,D1003 - N1503 - N1504 - D1004,EDI Rail,(formerly Eveleigh)
M3,D1005 - N1505 - N1506 - D1006,EDI Rail,(formerly Eveleigh),First M Set to enter service
M4,D1007 - N1507 - N1508 - D1008,EDI Rail,(formerly Eveleigh)
M5,D1009 - N1509 - N1510 - D1010,EDI Rail,(formerly Eveleigh)
M6,D1011 - N1511 - N1512 - D1012,EDI Rail,(formerly Eveleigh)
M7,D1013 - N1513 - N1514 - D1014,EDI Rail,(formerly Eveleigh)
M8,D1015 - N1515 - N1516 - D1016,EDI Rail,(formerly Eveleigh)
M9,D1017 - N1517 - N1518 - D1018,EDI Rail,(formerly Eveleigh)
M10,D1019 - N1519 - N1520 - D1020,EDI Rail,(formerly Eveleigh)
M11,D1021 - N1521 - N1522 - D1022,EDI Rail,(formerly Eveleigh)
M12,D1023 - N1523 - N1524 - D1024,EDI Rail,(formerly Eveleigh)
M13,D1025 - N1525 - N1526 - D1026,EDI Rail,(formerly Eveleigh)
M14,D1041 - N1527 - N1528 - D1028,EDI Rail,(formerly Eveleigh),D1027 replaced by D1041 due to damage from a shunting incident in 2011
M15,D1029 - N1529 - N1530 - D1030,EDI Rail,(formerly Eveleigh)
M16,D1031 - N1531 - N1532 - D1032,EDI Rail,(formerly Eveleigh)
M17,D1034 - N1534 - N1535 - D1035,EDI Rail,(formerly Eveleigh)
M18,D1036 - N1536 - N1537 - D1037,EDI Rail,(formerly Eveleigh)
M19,D1037 - N1537 - N1538 - D1038,EDI Rail,(formerly Eveleigh)
M20,D1039 - N1539 - N1540 - D1540,EDI Rail,(formerly Eveleigh)
M21,D1043 - N1543 - N1544 - D1044,EDI Rail,(formerly Eveleigh)
M22,D1045 - N1545 - N1546 - D1046,EDI Rail,(formerly Eveleigh)
M23,D1047 - N1547 - N1548 - D1048,EDI Rail,(formerly Eveleigh)
M24,D1049 - N1549 - N1550 - D1050,EDI Rail,(formerly Eveleigh)
M25,D1051 - N1551 - N1552 - D1052,EDI Rail,(formerly Eveleigh)
M26,D1052 - N1526 - N1527 - D1053,EDI Rail,(formerly Eveleigh)
M27,D1055 - N1555 - N1556 - D1056,EDI Rail,(formerly Eveleigh)
M28,D1057 - N1557 - N1558 - D1058,EDI Rail,(formerly Eveleigh),Former ATP test train
M29,D1059 - N1559 - N1560 - D1060,EDI Rail,(formerly Eveleigh)
M30,D1062 - N1562 - N1563 - D1063,EDI Rail,(formerly Eveleigh),Ran last revenue service for the Carlingford Line on 4 January 2020
M31,D1064 - N1564 - N1565 - D1065,EDI Rail,(formerly Eveleigh)
M32,D1066 - N1566 - N1567 - D1067,EDI Rail,(formerly Eveleigh)
M33,D1068 - N1568 - N1569 - D1069,EDI Rail,(formerly Eveleigh)
M34,D1070 - N1570 - N1571 - D1071,EDI Rail,(formerly Eveleigh)
M35,D1072 - N1572 - N1573 - D1073,EDI Rail,(formerly Eveleigh)
T1,D6105 - N5105 - N5106 - D6106,Goninan,Mortdale,D6148 replaced D6106 after 2009 Homebush derailment. D6106 was stripped for spare parts before being repaired and reinstated. Permanently coupled to T104
T2,D6119 - N5119 - N5141 - D6141,Goninan,Mortdale,Permanently coupled to T4
T3,D6253 - N5253 - N5254 - D6254,Goninan,Mortdale,Permanently coupled to T127
T4,D6136 - N5136 - N5137 - D6137,Goninan,Mortdale,Permanently coupled to T2
T5,D6118 - N5118 - N5140 - D6140,Goninan,Mortdale,Permanently coupled to T53
T6,D6175 - N5175 - N5146 - D6176,Goninan,Mortdale,Permanently coupled to T34
T7,D6191 - N5191 - N5192 - D6192,Goninan,Mortdale,Permanently coupled to T48
T8,D6217 - N5217 - N5218 - D6218,Goninan,Mortdale,Permanently coupled to T42
T9,D6219 - N5219 - N5220 - D6220,Goninan,Mortdale,Permanently coupled to T16
T10,D6221 - N5221 - N5222 - D6222,Goninan,Mortdale,"Set involved in January 2014 derailment at Edgecliff , with detached guard rail piercing through floor of N5222. Permanently coupled to T63"
T11,D6163 - N5163 - N5164 - D6164,Goninan,Mortdale,Ex T82. Permanently coupled to T24
T12,D6247 - N5247 - N5248 - D6248,Goninan,Mortdale,Permanently coupled to T65
T13,D6252 - N5249 - N5250 - D6250,Goninan,Mortdale,Carriage D6249 replaced by D6252 (ex T14/T121). Former ATP testing vehicle. Permanently coupled to T121
T14,D6251 - N5251 - N5854 - D6808,Goninan,Mortdale,N5252 and D6252 swapped with D6808 and N5854 from T121. Permanently coupled to T109
T15,D6239 - N5239 - N5240 - D6240,Goninan,Mortdale,Permanently coupled to T50
T16,D6108 - N5241 - N5242 - D6242,Goninan,Mortdale,D6108 replacing D6241 which was written off and stripped for spare parts Permanently coupled to T9
T17,D6243 - N5243 - N5244 - D6244,Goninan,Mortdale,Permanently coupled to T122
T18,D6121 - N5121 - N5122 - D6122,Goninan,Mortdale,Permanently coupled to T77
T19,D6146 - N5176 - N5285 - D6285,Goninan,Mortdale,"D6285 and N5285 replaced D6127 and N5127, which were both written off after 1989 Wentworthville derailment. Permanently coupled to T35. First sets fitted with a buffer to prevent train-surfing"
T20,D6101 - N5101 - N5102 - D6102,Goninan,Mortdale,First T Set to enter service. Permanently coupled to T67
T21,D6120 - N5120 - N5142 - D6142,Goninan,Mortdale,Permanently coupled to T78
T22,D6109 - N5109 - N5112 - D6112,Goninan,Mortdale,Permanently coupled to T126
T23,D6177 - N5177 - N5178 - D6178,Goninan,Mortdale,"Ex T85, Permanently coupled to T33"
T24,D6147 - N5147 - N5148 - D6289,Goninan,Mortdale,D6289 replacing D6148 for unknown reasons. Permanently coupled to T11
T25,D6149 - N5149 - N5150 - D6150,Goninan,Mortdale,Permanently coupled to T86
T26,D6151 - N5151 - N5152 - D6152,Goninan,Mortdale
T27,D6125 - N5125 - N5126 - D6126,Goninan,Mortdale,Permanently coupled to T97
T28,D6155 - N5155 - N5156 - D6156,Goninan,Mortdale,Permanently coupled to T80
T29,D6157 - N5157 - N5158 - D6158,Goninan,Mortdale,Permanently coupled to T81
T30,D6159 - N5159 - N5160 - D6160,Goninan,Mortdale,Set involved in 2000 Kingsgrove derailment. Permanently coupled to T32
T31,D6161 - N5161 - N5162 - D6162,Goninan,Mortdale,Permanently coupled to T79
T32,D6167 - N5167 - N5168 - D6168,Goninan,Mortdale,Permanently coupled to T30
T33,D6165 - N5165 - N5166 - D6166,Goninan,Mortdale,Permanently coupled to T23
T34,D6169 - N5169 - N5170 - D6170,Goninan,Mortdale,Permanently coupled to T6
T35,D6179 - N5179 - N5180 - D6180,Goninan,Mortdale,"Permanently coupled to T19, First sets fitted with a buffer to prevent train-surfing"
T36,D6181 - N5181 - N5182 - D6182,Goninan,Mortdale,Permanently coupled to T37
T37,D6183 - N5183 - N5184 - D6184,Goninan,Mortdale,Permanently coupled to T36
T38,D6185 - N5185 - N5186 - D6186,Goninan,Mortdale,Permanently coupled to T89
T39,D6187 - N5187 - N5188 - D6188,Goninan,Mortdale,Permanently coupled to T47
T40,D6129 - N5129 - N5130 - D6130,Goninan,Mortdale,Inactive set. Permanently coupled to T100
T41,D6189 - N5189 - N5190 - D6190,Goninan,Mortdale,Permanently coupled to T83
T42,D6211 - N5211 - N5212 - D6249,Goninan,Mortdale,D6212 replaced by D6249 following 2021 Kembla Grange derailment Permanently coupled to T8
T43,D6193 - N5193 - N5194 - D6194,Goninan,Mortdale,Permanently coupled to T44
T44,D6195 - N5195 - N5196 - D6196,Goninan,Mortdale,Permanently coupled to T43
T45,D6197 - N5197 - N5198 - D6198,Goninan,Mortdale,Permanently coupled to T54
T46,D6213 - N5213 - N5214 - D6214,Goninan,Mortdale,Permanently coupled to T60
T47,D6201 - N5201 - N5202 - D6202,Goninan,Mortdale,Permanently coupled to T39
T48,D6203 - N5203 - N5204 - D6204,Goninan,Mortdale,Permanently coupled to T7
T49,D6215 - N5215 - N5216 - D6216,Goninan,Mortdale,Permanently coupled to T88
T50,D6223 - N5223 - N5224 - D6224,Goninan,Mortdale,Set involved in August 2019 incident at Town Hall caused by loose roof hatch on carriage D6223. Permanently coupled to T15
T51,D6235 - N5235 - N5236 - D6236,Goninan,Mortdale,Permanently coupled to T57
T52,D6110 - N5110 - N5111 - D6111,Goninan,Hornsby,Ex T66. Permanently coupled to T73
T53,D6173 - N5173 - N5174 - D6174,Goninan,Mortdale,"Ex T84. Last set to receive 2010-2014 interior refresh. Ran with the last Sydney Trains service on the Epping-Chatswood Rail Link, alongside T74. Permanently coupled to T5"
T54,D6205 - N5205 - N5206 - D6206,Goninan,Mortdale,Ex T87. Permanently coupled to T45
T57,D6237 - N5237 - N5238 - D6238,Goninan,Mortdale,Permanently coupled to T51
T58,D6281 - N5281 - N5282 - D6282,Goninan,Mortdale,Permanently coupled to T71
T59,D6283 - N5283 - N5284 - D6284,Goninan,Mortdale,"Last suburban T Set built. Permanently coupled to T130, Mostly inactive at MMC."
T60,D6225 - N5225 - N5226 - D6226,Goninan,Hornsby,Motor car N5225 has a slightly louder Chopper Control motor. Permanently coupled to T46
T61,D6227 - N5227 - N5228 - D6228,Goninan,Mortdale,Permanently coupled to T62
T62,D6229 - N5229 - N5230 - D6230,Goninan,Mortdale,Permanently coupled to T61
T63,D6231 - N5231 - N5232 - D6232,Goninan,Hornsby,Permanently coupled to T10
T64,D6233 - N5233 - N5234 - D6234,Goninan,Hornsby,"Set has slow-to-release braking, causing a loud squeaking sound and a visible shift upwards when starting up. Permanently coupled to T75"
T65,D6245 - N5245 - N5246 - D6246,Goninan,Hornsby,Set has received Waratah inspired gangways between carriages with standard Tangara doors and stickers since 2015. Permanently coupled to T12
T67,D6279 - N5279 - N5280 - D6280,Goninan,Mortdale,Permanently coupled to T20
T68,D6277 - N5277 - N5278 - D6278,Goninan,Mortdale,Permanently coupled to T125
T69,D6275 - N5275 - N5276 - D6276,Goninan,Mortdale,Permanently coupled to T70
T70,D6103 - N5103 - N5104 - D6104,Goninan,Mortdale,Second T Set built. Permanently coupled to T69
T71,D6107 - N5107 - N5108 - D6288,Goninan,Mortdale,D6288 is replacing D6108 for unknown reasons. Permanently coupled to T58
T72,D6209 - N5209 - N5210 - D6210,Goninan,Hornsby,Second set to receive Tangara Technology Upgrade. Inactive set. Permanently coupled to T106
T73,D6113 - N5113 - N5114 - D6287,Goninan,Hornsby,"D6287 is replacing D6114, which was written off after 1998 Concord West derailment. Permanently coupled to T52"
T74,D6115 - N5115 - N5116 - D6116,Goninan,Mortdale,"Ran with the last Sydney Trains service on the Epping-Chatswood Rail Link, alongside T53. Former ATP testing set. Permanently coupled to T129"
T75,D6117 - N5117 - N5135 - D6135,Goninan,Hornsby,Previously used as a spare set. Permanently coupled to T64
T76,D6123 - N5123 - N5124 - D6124,Goninan,Hornsby,"First suburban Tangara (T Set) to receive 2010 interior refurbishment. First pair of sets to receive 2025 revised Tangara Technology Upgrade and new orange livery, alongside T128. Inactive set, permanently coupled to T128"
T77,D6131 - N5131 - N5132 - D6132,Goninan,Mortdale,Used as trial set in 2013 for longitudal bench-styled seating. Permanently coupled to T18
T78,D6133 - N5133 - N5134 - D6134,Goninan,Mortdale,Used as trial set in 2013 for 2x2 seating. Permanently coupled to T21
T79,D6138 - N5138 - N5139 - D6139,Goninan,Mortdale,Permanently coupled to T31
T80,D6143 - N5143 - N5144 - D6144,Goninan,Mortdale,Permanently coupled to T28
T81,D6153 - N5153 - N5154 - D6154,Goninan,Hornsby,Permanently coupled to T29
T83,D6171 - N5171 - N5172 - D6172,Goninan,Mortdale,Permanently coupled to T41
T86,D6199 - N5199 - N5200 - D6200,Goninan,Mortdale,Permanently coupled to T25
T88,D6207 - N5207 - N5208 - D6208,Goninan,Hornsby,Permanently coupled to T49
T89,D6128 - N5128 - N5145 - D6145,Goninan,Hornsby,Permanently coupled to T38
T90,D6255 - N5255 - N5256 - D6256,Goninan,Mortdale,Permanently coupled to T103
T91,D6257 - N5257 - N5258 - D6258,Goninan,Hornsby,Permanently coupled to T94
T92,D6259 - N5259 - N5260 - D6260,Goninan,Hornsby,Permanently coupled to T93
T93,D6261 - N5261 - N5262 - D6262,Goninan,Mortdale,Permanently coupled to T92
T94,D6263 - N5263 - N5264 - D6264,Goninan,Mortdale,Permanently coupled to T91
T95,D6265 - N5265 - N5266 - D6266,Goninan,Hornsby,Permanently coupled to T96
T96,D6267 - N5267 - N5268 - D6268,Goninan,Mortdale,First set to receive new M Set styled lightweight plug doors. Permanently coupled to T95
T97,D6269 - N5269 - N5270 - D6270,Goninan,Mortdale,Permanently coupled to T27
T98,D6271 - N5271 - N5272 - D6272,Goninan,Hornsby,Permanently coupled to T99
T99,D6273 - N5274 - N5273 - D6286,Goninan,Hornsby,"D6286 replaced D6274, which was written off after Vineyard Level Crossing derailment. Permanently coupled to T98."
T100,D6839 - N5820 - N5870 - D6840,Goninan,Mortdale,Ex T132/G32. Last G Set built. Permanently coupled to T40. Inactive set.
T101,D6815 - N5808 - N5858 - D6816,Goninan,Mortdale,Ex G1. Permanently coupled to T102
T102,D6801 - N5801 - N5856 - D6812,Goninan,Mortdale,Ex G10. Permanently coupled to T101
T103,D6841 - N5812 - N5862 - D6824,Goninan,Mortdale,Ex G3. Carriage D6823 replaced by D6841 (ex T121). Former ATP testing vehicle. Permanently coupled to T90.
T104,D6825 - N5813 - N5863 - D6826,Goninan,Mortdale,"Ex G4. First G Set to be converted to T Set, after 2009 Unanderra derailment. Permanently coupled to T1"
T105,D6827 - N5814 - N5864 - D6828,Goninan,Mortdale,Ex G5. Permanently coupled to T107
T106,D6829 - N5815 - N5865 - D6830,Goninan,Hornsby,Ex G6. First set to receive Tangara Technology Upgrade. Permanently coupled to T72. Inactive set.
T107,D6803 - N5802 - N5852 - D6804,Goninan,Mortdale,Ex T111/G11. Permanently coupled to T105
T108,D6837 - N5819 - N5869 - D6838,Goninan,Mortdale,Ex G8. Permanently coupled to T110
T109,D6802 - N5851 - N5806 - D6811,Goninan,Mortdale,Ex G9. Permanently coupled to T14
T110,D6817 - N5809 - N5859 - D6818,Goninan,Mortdale,Ex T133/G33. Permanently coupled to T108
T121,D6807 - N5804 - N5252 - D6148,Goninan,Mortdale,Ex G21. First set to receive 2010-2014 interior refresh. D6807 replaced D6841 as of September 2018. D6854 and D6808 swapped with N5252 and D6252 from T14. D6148 is now in place of D6252. Permanently coupled to T13
T122,D6809 - N5805 - N5855 - D6810,Goninan,Mortdale,Ex G22. Permanently coupled to T17
T125,D6805 - N5803 - N5853 - D6806,Goninan,Hornsby,"Ex G25, permanently coupled to T68"
T126,D6813 - N5807 - N5857 - D6814,Goninan,Hornsby,"Ex G26, permanently coupled to T22"
T127,D6819 - N5810 - N5860 - D6820,Goninan,Mortdale,Ex G27. Permanently coupled to T3
T128,D6821 - N5811 - N5861 - D6822,Goninan,Hornsby,"Ex G28. First pair of sets to receive 2025 revised Tangara Technology Upgrade and new orange livery, alongside T76. Inactive set, permanently coupled to T76."
T129,D6833 - N5817 - N5867 - D6834,Goninan,Mortdale,Ex G29. Permanently coupled to T74. Used for ATP testing in mid 2023.
T130,D6835 - N5818 - N5868 - D6836,Goninan,Hornsby,Ex G30. Permanently coupled to T59. Used occasionally for ATP testing.
K60,C3510 - T4176 - T4200 - C3534,Goninan,Flemington
K61,C3517 - T4175 - T4236 - C3570,Goninan,Flemington
K62,C3505 - T4171 - T4196 - C3530,Goninan,Flemington
K63,C3526 - T4192 - T4188 - C3515,Goninan,Flemington
K64,C3519 - T4173 - T4194 - C3528,Goninan,Flemington
K65,C3537 - T4183 - T4197 - C3531,Goninan,Flemington
K66,C3546 - T4212 - T4178 - C3512,Goninan,Flemington
K68,C3513 - T4179 - T4208 - C3542,Goninan,Flemington
K69,C3507 - T4185 - T4186 - C3520,Goninan,Flemington
K70,C3547 - T4195 - T4182 - C3516,Goninan,Flemington
K71,C3544 - T4210 - T4174 - C3508,Goninan,Flemington
K72,C3506 - T4172 - T4211 - C3545,Goninan,Flemington
K73,C3543 - T4209 - T4206 - C3540,Goninan,Flemington
K74,C3541 - T4207 - T4198 - C3532,Goninan,Flemington,Ran last Carlingford Line K set roster on 3 January 2020.
K76,C3548 - T4214 - T4205 - C3539,Goninan,Flemington
K77,C3527 - T4193 - T4180 - C3514,Goninan,Flemington
K78,C3522 - T4181 - T4190 - C3524,Goninan,Flemington
K79,C3538 - T4204 - T4199 - C3533,Goninan,Flemington
K80,C3511 - T4177 - T4202 - C3536,Goninan,Flemington
K82,C3554 - T4220 - T4238 - C3572,Goninan,Flemington
K84,C3559 - T4225 - T4229 - C3563,Goninan,Flemington
K85,C3565 - T4231 - T4230 - C3564,Goninan,Flemington,Temporarily withdrawn after fire on trailer car T4231. Set has since been repaired and brought back to service.
K87,C3574 - T4240 - T4245 - C3579,Goninan,Flemington
K89,C3553 - T4237 - T4224 - C3558,Goninan,Flemington
K90,C3568 - T4234 - T4223 - C3557,Goninan,Flemington
K91,C3576 - T4242 - T4232 - C3566,Goninan,Flemington,Ex K98
K93,C3555 - T4221 - T4227 - C3561,Goninan,Flemington
K94,C3575 - T4241 - T4216 - C3550,Goninan,Flemington,"Set operated Paul Mac's ""Tekno Train"". C3550, T4216 & T4241 modified to carry larger music speakers and had lighting upgrades. C3575 remained as a standard car to allow for passengers wishing for a more quieter trip."
K95,C3571 - T4219 - T4239 - C3573,Goninan,Flemington
K97,C3577 - T4246 - T4228 - C3562,Goninan,Flemington
N1,TE2801 - LE2851,ABB Transportation,Broadmeadow,Set with NSW TrainLink livery
N2,TE2802 - LE2852,ABB Transportation,Broadmeadow,Set with NSW TrainLink livery
N3,TE2803 - LE2853,ABB Transportation,Broadmeadow,Involved in collision with M14 in Eveleigh Yard in 2011.
N4,TE2804 - LE2854,ABB Transportation,Broadmeadow
N5,TE2805 - LE2855,ABB Transportation,Broadmeadow
N6,TE2806 - LE2856,ABB Transportation,Eveleigh
N7,TE2807 - LE2857,ABB Transportation,Eveleigh
N8,TE2808 - LE2858,ABB Transportation,Eveleigh
N9,TE2809 - LE2859,ABB Transportation,Eveleigh
N10,TE2810 - LE2860,ABB Transportation,Eveleigh
N11,TE2811 - LE2861,ABB Transportation,Eveleigh
N12,TE2812 - LE2862,ABB Transportation,Eveleigh
N13,TE2813 - LE2863,ABB Transportation,Eveleigh,"Set seen in the movie, Peter Rabbit"
N14,TE2814 - LE2864,ABB Transportation,Eveleigh
J1,HM2701 - HMT2751,UGL Rail,Broadmeadow
J2,HM2702 - HMT2752,UGL Rail,Broadmeadow
J3,HM2703 - HMT2753,UGL Rail,Broadmeadow
J4,HM2704 - HMT2754,UGL Rail,Broadmeadow
J5,HM2705 - HMT2755,UGL Rail,Broadmeadow
J6,HM2706 - HMT2756,UGL Rail,Broadmeadow
J7,HM2707 - HMT2757,UGL Rail,Broadmeadow,First Hunter set in NSW TrainLink livery
D1,DD9701 - DN8501 - DND8301 - DDA9301,Hyundai Rotem,Kangy Angy
D3,DD9703 - DN8503 - DND8303 - DDA9303,Hyundai Rotem,Kangy Angy
D19,DD9719 - DN8519 - DND8319 - DDA9319,Hyundai Rotem,Kangy Angy
D21,DD9721 - DN8521 - DND8321 - DDA9321,Hyundai Rotem,Kangy Angy
D22,DD9722 - DN8522 - DND8322 - DDA9322,Hyundai Rotem,Kangy Angy
D23,DD9723 - DN8523 - DND8323 - DDA9323,Hyundai Rotem,Kangy Angy
D24,DD9724 - DN8524 - DND8324 - DDA9324,Hyundai Rotem,Kangy Angy
D25,DD9725 - DN8525 - DND8325 - DDA9325,Hyundai Rotem,Kangy Angy
D26,DD9726 - DN8526 - DND8326 - DDA9326,Hyundai Rotem,Kangy Angy
D27,DD9727 - DN8527 - DND8327 - DDA9327,Hyundai Rotem,Kangy Angy
D28,DD9728 - DN8528 - DND8328 - DDA9328,Hyundai Rotem,Kangy Angy
D29,DD9729 - DN8529 - DND8329 - DDA9329,Hyundai Rotem,Kangy Angy
D30,DD9730 - DN8530 - DND8330 - DDA9330,Hyundai Rotem,Kangy Angy
D31,DD9731 - DN8531 - DND8331 - DDA9331,Hyundai Rotem,Kangy Angy
D32,DD9732 - DN8532 - DND8332 - DDA9332,Hyundai Rotem,Kangy Angy
D34,DD9734 - DN8534 - DND8334 - DDA9334,Hyundai Rotem,Kangy Angy
D35,DD9735 - DN8535 - DND8335 - DDA9335,Hyundai Rotem,Kangy Angy
D36,DD9736 - DN8536 - DND8336 - DDA9336,Hyundai Rotem,Kangy Angy
D37,DD9737 - DN8537 - DND8337 - DDA9337,Hyundai Rotem,Kangy Angy
D38,DD9738 - DN8538 - DND8338 - DDA9338,Hyundai Rotem,Kangy Angy
D39,DD9739 - DN8539 - DND8339 - DDA9339,Hyundai Rotem,Kangy Angy
D40,DD9740 - DN8540 - DND8340 - DDA9340,Hyundai Rotem,Kangy Angy
D41,DD9741 - DN8541 - DND8341 - DDA9341,Hyundai Rotem,Kangy Angy
D42,DD9742 - DN8542 - DND8342 - DDA9342,Hyundai Rotem,Kangy Angy
D43,DD9743 - DN8543 - DND8343 - DDA9343,Hyundai Rotem,Kangy Angy
D44,DD9744 - DN8544 - DND8344 - DDA9344,Hyundai Rotem,Kangy Angy,"Second D sets to enter service, along with D51"
D45,DD9745 - DN8545 - DND8345 - DDA9345,Hyundai Rotem,Kangy Angy
D46,DD9746 - DN8546 - DND8346 - DDA9346,Hyundai Rotem,Kangy Angy
D47,DD9747 - DN8547 - DND8347 - DDA9347,Hyundai Rotem,Kangy Angy
D48,DD9748 - DN8548 - DND8348 - DDA9348,Hyundai Rotem,Kangy Angy
D49,DD9749 - DN8549 - DND8349 - DDA9349,Hyundai Rotem,Kangy Angy
D50,DD9750 - DN8550 - DND8350 - DDA9350,Hyundai Rotem,Kangy Angy
D51,DD9751 - DN8551 - DND8351 - DDA9351,Hyundai Rotem,Kangy Angy,"Second D sets to enter service, along with D44"
D52,DD9752 - DN8552 - DND8352 - DDA9352,Hyundai Rotem,Kangy Angy
D53,DD9753 - DN8553 - DND8353 - DDA9353,Hyundai Rotem,Kangy Angy,"First D sets to enter service, along with D54"
D54,DD9754 - DN8554 - DND8354 - DDA9354,Hyundai Rotem,Kangy Angy,"First D sets to enter service, along with D53"
D55,DD9755 - DN8555 - DND8355 - DDA9355,Hyundai Rotem,Kangy Angy
D56,DD9756 - DN8556 - DND8356 - DDA9356,Hyundai Rotem,Kangy Angy
D57,DD9757 - DN8557 - DND8357 - DDA9357,Hyundai Rotem,Kangy Angy
D58,DD9758 - DN8558 - DND8358 - DDA9358,Hyundai Rotem,Kangy Angy
D59,DD9759 - DN8559 - DND8359 - DDA9359,Hyundai Rotem,Kangy Angy
D60,DD9760 - DN8560 - DND8360 - DDA9360,Hyundai Rotem,Kangy Angy
D61,DD9761 - DN8561 - DND8361 - DDA9361,Hyundai Rotem,Kangy Angy
D62,DD9762 - DN8562 - DND8362 - DDA9362,Hyundai Rotem,Kangy Angy
D63,DD9763 - DN8563 - DND8363 - DDA9363,Hyundai Rotem,Kangy Angy
D64,DD9764 - DN8564 - DND8364 - DDA9364,Hyundai Rotem,Kangy Angy
D65,DD9765 - DN8565 - DND8365 - DDA9365,Hyundai Rotem,Kangy Angy
D66,DD9766 - DN8566 - DND8366 - DDA9366,Hyundai Rotem,Kangy Angy
D67,DD9767 - DN8567 - DND8367 - DDA9367,Hyundai Rotem,Kangy Angy
D68,DD9768 - DN8568 - DND8368 - DDA9368,Hyundai Rotem,Kangy Angy
D69,DD9769 - DN8569 - DND8369 - DDA9369,Hyundai Rotem,Kangy Angy
D70,DD9770 - DN8570 - DND8370 - DDA9370,Hyundai Rotem,Kangy Angy
D101,DD9801 - DNL8801 - DT9601 - DN8601 - DND8401 - DDA9401,Hyundai Rotem,Kangy Angy
D103,DD9803 - DNL8803 - DT9603 - DN8603 - DND8403 - DDA9403,Hyundai Rotem,Kangy Angy
D119,DD9819 - DNL8819 - DT9619 - DN8619 - DND8419 - DDA9419,Hyundai Rotem,Kangy Angy
D121,DD9821 - DNL8821 - DT9621 - DN8621 - DND8421 - DDA9421,Hyundai Rotem,Kangy Angy
D122,DD9822 - DNL8822 - DT9622 - DN8622 - DND8422 - DDA9422,Hyundai Rotem,Kangy Angy
D123,DD9823 - DNL8823 - DT9623 - DN8623 - DND8423 - DDA9423,Hyundai Rotem,Kangy Angy
D124,DD9824 - DNL8824 - DT9624 - DN8624 - DND8424 - DDA9424,Hyundai Rotem,Kangy Angy
D125,DD9825 - DNL8825 - DT9625 - DN8625 - DND8425 - DDA9425,Hyundai Rotem,Kangy Angy
D126,DD9826 - DNL8826 - DT9626 - DN8626 - DND8426 - DDA9426,Hyundai Rotem,Kangy Angy
D127,DD9827 - DNL8827 - DT9627 - DN8627 - DND8427 - DDA9427,Hyundai Rotem,Kangy Angy
D128,DD9828 - DNL8828 - DT9628 - DN8628 - DND8428 - DDA9428,Hyundai Rotem,Kangy Angy
D129,DD9829 - DNL8829 - DT9629 - DN8629 - DND8429 - DDA9429,Hyundai Rotem,Kangy Angy
D130,DD9830 - DNL8830 - DT9630 - DN8630 - DND8430 - DDA9430,Hyundai Rotem,Kangy Angy
D131,DD9831 - DNL8831 - DT9631 - DN8631 - DND8431 - DDA9431,Hyundai Rotem,Kangy Angy
D132,DD9832 - DNL8832 - DT9632 - DN8632 - DND8432 - DDA9432,Hyundai Rotem,Kangy Angy
D134,DD9834 - DNL8834 - DT9634 - DN8634 - DND8434 - DDA9434,Hyundai Rotem,Kangy Angy
D135,DD9835 - DNL8835 - DT9635 - DN8635 - DND8435 - DDA9435,Hyundai Rotem,Kangy Angy
D136,DD9836 - DNL8836 - DT9636 - DN8636 - DND8436 - DDA9436,Hyundai Rotem,Kangy Angy
D137,DD9837 - DNL8837 - DT9637 - DN8637 - DND8437 - DDA9437,Hyundai Rotem,Kangy Angy
D138,DD9838 - DNL8838 - DT9638 - DN8638 - DND8438 - DDA9438,Hyundai Rotem,Kangy Angy
D139,DD9839 - DNL8839 - DT9639 - DN8639 - DND8439 - DDA9439,Hyundai Rotem,Kangy Angy
D140,DD9840 - DNL8840 - DT9640 - DN8640 - DND8440 - DDA9440,Hyundai Rotem,Kangy Angy
D141,DD9841 - DNL8841 - DT9641 - DN8641 - DND8441 - DDA9441,Hyundai Rotem,Kangy Angy
D142,DD9842 - DNL8842 - DT9642 - DN8642 - DND8442 - DDA9442,Hyundai Rotem,Kangy Angy
D143,DD9843 - DNL8843 - DT9643 - DN8643 - DND8443 - DDA9443,Hyundai Rotem,Kangy Angy
D144,DD9844 - DNL8844 - DT9644 - DN8644 - DND8444 - DDA9444,Hyundai Rotem,Kangy Angy
D145,DD9845 - DNL8845 - DT9645 - DN8645 - DND8445 - DDA9445,Hyundai Rotem,Kangy Angy
D146,DD9846 - DNL8846 - DT9646 - DN8646 - DND8446 - DDA9446,Hyundai Rotem,Kangy Angy
D147,DD9847 - DNL8847 - DT9647 - DN8647 - DND8447 - DDA9445,Hyundai Rotem,Kangy Angy
D148,DD9848 - DNL8848 - DT9648 - DN8648 - DND8448 - DDA9448,Hyundai Rotem,Kangy Angy
D149,DD9849 - DNL8849 - DT9649 - DN8649 - DND8449 - DDA9449,Hyundai Rotem,Kangy Angy
D150,DD9850 - DNL8850 - DT9650 - DN8650 - DND8450 - DDA9450,Hyundai Rotem,Kangy Angy
D151,DD9851 - DNL8851 - DT9651 - DN8651 - DND8451 - DDA9451,Hyundai Rotem,Kangy Angy
D152,DD9852 - DNL8852 - DT9652 - DN8652 - DND8452 - DDA9452,Hyundai Rotem,Kangy Angy
D153,DD9853 - DNL8853 - DT9653 - DN8653 - DND8453 - DDA9453,Hyundai Rotem,Kangy Angy
D154,DD9854 - DNL8854 - DT9654 - DN8654 - DND8454 - DDA9454,Hyundai Rotem,Kangy Angy
D155,DD9855 - DNL8855 - DT9655 - DN8655 - DND8455 - DDA9455,Hyundai Rotem,Kangy Angy
